<?xml version="1.0" encoding="UTF-8"?>
<GenRun Id="impl_1" LaunchPart="xc7a100tcsg324-1" LaunchTime="1732350936">
  <File Type="BITSTR-BMM" Name="lab3_bd.bmm"/>
  <File Type="OPT-METHODOLOGY-DRC" Name="lab3_methodology_drc_opted.rpt"/>
  <File Type="INIT-TIMING" Name="lab3_timing_summary_init.rpt"/>
  <File Type="ROUTE-PWR" Name="lab3_power_routed.rpt"/>
  <File Type="PA-TCL" Name="lab3.tcl"/>
  <File Type="OPT-TIMING" Name="lab3_timing_summary_opted.rpt"/>
  <File Type="OPT-DCP" Name="lab3_opt.dcp"/>
  <File Type="ROUTE-PWR-SUM" Name="lab3_power_summary_routed.pb"/>
  <File Type="REPORTS-TCL" Name="lab3_reports.tcl"/>
  <File Type="OPT-DRC" Name="lab3_drc_opted.rpt"/>
  <File Type="OPT-HWDEF" Name="lab3.hwdef"/>
  <File Type="PWROPT-DCP" Name="lab3_pwropt.dcp"/>
  <File Type="PWROPT-DRC" Name="lab3_drc_pwropted.rpt"/>
  <File Type="PWROPT-TIMING" Name="lab3_timing_summary_pwropted.rpt"/>
  <File Type="PLACE-DCP" Name="lab3_placed.dcp"/>
  <File Type="PLACE-IO" Name="lab3_io_placed.rpt"/>
  <File Type="PLACE-CLK" Name="lab3_clock_utilization_placed.rpt"/>
  <File Type="PLACE-UTIL" Name="lab3_utilization_placed.rpt"/>
  <File Type="PLACE-UTIL-PB" Name="lab3_utilization_placed.pb"/>
  <File Type="PLACE-CTRL" Name="lab3_control_sets_placed.rpt"/>
  <File Type="PLACE-SIMILARITY" Name="lab3_incremental_reuse_placed.rpt"/>
  <File Type="PLACE-PRE-SIMILARITY" Name="lab3_incremental_reuse_pre_placed.rpt"/>
  <File Type="BG-BGN" Name="lab3.bgn"/>
  <File Type="PLACE-TIMING" Name="lab3_timing_summary_placed.rpt"/>
  <File Type="POSTPLACE-PWROPT-DCP" Name="lab3_postplace_pwropt.dcp"/>
  <File Type="BG-BIN" Name="lab3.bin"/>
  <File Type="POSTPLACE-PWROPT-TIMING" Name="lab3_timing_summary_postplace_pwropted.rpt"/>
  <File Type="PHYSOPT-DCP" Name="lab3_physopt.dcp"/>
  <File Type="PHYSOPT-DRC" Name="lab3_drc_physopted.rpt"/>
  <File Type="BITSTR-MSK" Name="lab3.msk"/>
  <File Type="PHYSOPT-TIMING" Name="lab3_timing_summary_physopted.rpt"/>
  <File Type="ROUTE-ERROR-DCP" Name="lab3_routed_error.dcp"/>
  <File Type="ROUTE-DCP" Name="lab3_routed.dcp"/>
  <File Type="ROUTE-BLACKBOX-DCP" Name="lab3_routed_bb.dcp"/>
  <File Type="ROUTE-DRC" Name="lab3_drc_routed.rpt"/>
  <File Type="ROUTE-DRC-PB" Name="lab3_drc_routed.pb"/>
  <File Type="BITSTR-LTX" Name="debug_nets.ltx"/>
  <File Type="BITSTR-LTX" Name="lab3.ltx"/>
  <File Type="ROUTE-DRC-RPX" Name="lab3_drc_routed.rpx"/>
  <File Type="BITSTR-MMI" Name="lab3.mmi"/>
  <File Type="ROUTE-METHODOLOGY-DRC" Name="lab3_methodology_drc_routed.rpt"/>
  <File Type="ROUTE-METHODOLOGY-DRC-RPX" Name="lab3_methodology_drc_routed.rpx"/>
  <File Type="BITSTR-SYSDEF" Name="lab3.sysdef"/>
  <File Type="ROUTE-METHODOLOGY-DRC-PB" Name="lab3_methodology_drc_routed.pb"/>
  <File Type="ROUTE-PWR-RPX" Name="lab3_power_routed.rpx"/>
  <File Type="ROUTE-STATUS" Name="lab3_route_status.rpt"/>
  <File Type="ROUTE-STATUS-PB" Name="lab3_route_status.pb"/>
  <File Type="ROUTE-TIMINGSUMMARY" Name="lab3_timing_summary_routed.rpt"/>
  <File Type="ROUTE-TIMING-PB" Name="lab3_timing_summary_routed.pb"/>
  <File Type="ROUTE-TIMING-RPX" Name="lab3_timing_summary_routed.rpx"/>
  <File Type="ROUTE-SIMILARITY" Name="lab3_incremental_reuse_routed.rpt"/>
  <File Type="ROUTE-CLK" Name="lab3_clock_utilization_routed.rpt"/>
  <File Type="ROUTE-BUS-SKEW" Name="lab3_bus_skew_routed.rpt"/>
  <File Type="ROUTE-BUS-SKEW-PB" Name="lab3_bus_skew_routed.pb"/>
  <File Type="ROUTE-BUS-SKEW-RPX" Name="lab3_bus_skew_routed.rpx"/>
  <File Type="POSTROUTE-PHYSOPT-DCP" Name="lab3_postroute_physopt.dcp"/>
  <File Type="POSTROUTE-PHYSOPT-BLACKBOX-DCP" Name="lab3_postroute_physopt_bb.dcp"/>
  <File Type="POSTROUTE-PHYSOPT-TIMING" Name="lab3_timing_summary_postroute_physopted.rpt"/>
  <File Type="POSTROUTE-PHYSOPT-TIMING-PB" Name="lab3_timing_summary_postroute_physopted.pb"/>
  <File Type="POSTROUTE-PHYSOPT-TIMING-RPX" Name="lab3_timing_summary_postroute_physopted.rpx"/>
  <File Type="POSTROUTE-PHYSOPT-BUS-SKEW" Name="lab3_bus_skew_postroute_physopted.rpt"/>
  <File Type="POSTROUTE-PHYSOPT-BUS-SKEW-PB" Name="lab3_bus_skew_postroute_physopted.pb"/>
  <File Type="BG-BIT" Name="lab3.bit"/>
  <File Type="POSTROUTE-PHYSOPT-BUS-SKEW-RPX" Name="lab3_bus_skew_postroute_physopted.rpx"/>
  <File Type="BITSTR-RBT" Name="lab3.rbt"/>
  <File Type="BITSTR-NKY" Name="lab3.nky"/>
  <File Type="BG-DRC" Name="lab3.drc"/>
  <File Type="RDI-RDI" Name="lab3.vdi"/>
  <File Type="WBT-USG" Name="usage_statistics_webtalk.html"/>
  <FileSet Name="sources" Type="DesignSrcs" RelSrcDir="$PSRCDIR/sources_1">
    <Filter Type="Srcs"/>
    <File Path="$PSRCDIR/sources_1/new/seg7x16.v">
      <FileInfo>
        <Attr Name="UsedIn" Val="synthesis"/>
        <Attr Name="UsedIn" Val="implementation"/>
        <Attr Name="UsedIn" Val="simulation"/>
      </FileInfo>
    </File>
    <File Path="$PSRCDIR/sources_1/new/lab3.v">
      <FileInfo>
        <Attr Name="UsedIn" Val="synthesis"/>
        <Attr Name="UsedIn" Val="implementation"/>
        <Attr Name="UsedIn" Val="simulation"/>
      </FileInfo>
    </File>
    <File Path="$PPRDIR/../IM.coe">
      <FileInfo>
        <Attr Name="UsedIn" Val="synthesis"/>
        <Attr Name="UsedIn" Val="simulation"/>
      </FileInfo>
    </File>
    <Config>
      <Option Name="DesignMode" Val="RTL"/>
      <Option Name="TopModule" Val="lab3"/>
      <Option Name="TopAutoSet" Val="TRUE"/>
    </Config>
  </FileSet>
  <FileSet Name="constrs_in" Type="Constrs" RelSrcDir="$PSRCDIR/constrs_1">
    <Filter Type="Constrs"/>
    <File Path="$PPRDIR/../icf.xdc">
      <FileInfo>
        <Attr Name="UsedIn" Val="synthesis"/>
        <Attr Name="UsedIn" Val="implementation"/>
      </FileInfo>
    </File>
    <Config>
      <Option Name="ConstrsType" Val="XDC"/>
    </Config>
  </FileSet>
  <FileSet Name="utils" Type="Utils" RelSrcDir="$PSRCDIR/utils_1">
    <Filter Type="Utils"/>
    <Config>
      <Option Name="TopAutoSet" Val="TRUE"/>
    </Config>
  </FileSet>
  <Strategy Version="1" Minor="2">
    <StratHandle Name="Vivado Implementation Defaults" Flow="Vivado Implementation 2018"/>
    <Step Id="init_design"/>
    <Step Id="opt_design"/>
    <Step Id="power_opt_design"/>
    <Step Id="place_design"/>
    <Step Id="post_place_power_opt_design"/>
    <Step Id="phys_opt_design"/>
    <Step Id="route_design"/>
    <Step Id="post_route_phys_opt_design"/>
    <Step Id="write_bitstream"/>
  </Strategy>
  <BlockFileSet Type="BlockSrcs" Name="dist_mem_gen_0"/>
</GenRun>
